,unit,date,total_production,vnem_btm
0,A-101,2023-12-15,7.624428888888889,BTM-PVBESS
1,A-101,2023-12-16,12.165192222222222,BTM-PVBESS
2,A-101,2023-12-17,8.286267777777779,BTM-PVBESS
3,A-101,2023-12-18,4.885613333333334,BTM-PVBESS
4,A-101,2023-12-19,3.0222166666666666,BTM-PVBESS
5,A-101,2023-12-20,4.227741111111111,BTM-PVBESS
6,A-101,2023-12-21,4.928257777777778,BTM-PVBESS
7,A-101,2023-12-22,2.997,BTM-PVBESS
8,A-101,2023-12-23,5.8778822222222225,BTM-PVBESS
9,A-101,2023-12-24,3.363436666666667,BTM-PVBESS
10,A-101,2023-12-25,8.525156666666666,BTM-PVBESS
11,A-101,2023-12-26,7.758288888888889,BTM-PVBESS
12,A-101,2023-12-27,12.861934444444444,BTM-PVBESS
13,A-101,2023-12-28,5.123594444444445,BTM-PVBESS
14,A-101,2023-12-29,7.32614,BTM-PVBESS
15,A-101,2023-12-30,7.572565555555555,BTM-PVBESS
16,A-101,2023-12-31,6.061002222222222,BTM-PVBESS
17,A-104,2023-12-20,2.316,BTM-PVBESS
18,A-104,2023-12-21,4.325,BTM-PVBESS
19,A-104,2023-12-22,3.348,BTM-PVBESS
20,A-104,2023-12-23,6.226,BTM-PVBESS
21,A-104,2023-12-24,6.07,BTM-PVBESS
22,A-104,2023-12-25,6.413,BTM-PVBESS
23,A-104,2023-12-26,5.615,BTM-PVBESS
24,A-104,2023-12-27,6.253,BTM-PVBESS
25,A-104,2023-12-28,6.495,BTM-PVBESS
26,A-104,2023-12-29,6.297,BTM-PVBESS
27,A-104,2023-12-30,3.5789999999999997,BTM-PVBESS
28,A-104,2023-12-31,5.5489999999999995,BTM-PVBESS
29,A-106,2023-12-17,0.593,BTM-PVBESS
30,A-106,2023-12-18,0.7040000000000001,BTM-PVBESS
31,A-106,2023-12-19,0.909,BTM-PVBESS
32,A-106,2023-12-20,0.0,BTM-PVBESS
33,A-106,2023-12-21,0.003,BTM-PVBESS
34,A-106,2023-12-22,1.367,BTM-PVBESS
35,A-106,2023-12-23,1.7859999999999998,BTM-PVBESS
36,A-106,2023-12-24,0.743,BTM-PVBESS
37,A-106,2023-12-25,0.76,BTM-PVBESS
38,A-106,2023-12-26,2.1390000000000002,BTM-PVBESS
39,A-106,2023-12-27,1.4849999999999999,BTM-PVBESS
40,A-106,2023-12-28,0.5149744444444444,BTM-PVBESS
41,A-106,2023-12-29,2.5080255555555557,BTM-PVBESS
42,A-106,2023-12-30,1.1859755555555556,BTM-PVBESS
43,A-106,2023-12-31,2.0819977777777776,BTM-PVBESS
44,A-202,2023-12-15,2.245,BTM-PVBESS
45,A-202,2023-12-16,3.8770000000000002,BTM-PVBESS
46,A-202,2023-12-17,5.662,BTM-PVBESS
47,A-202,2023-12-18,5.547,BTM-PVBESS
48,A-202,2023-12-19,4.082,BTM-PVBESS
49,A-202,2023-12-20,7.373,BTM-PVBESS
50,A-202,2023-12-21,6.998,BTM-PVBESS
51,A-202,2023-12-22,4.207,BTM-PVBESS
52,A-202,2023-12-23,9.052,BTM-PVBESS
53,A-202,2023-12-24,10.023,BTM-PVBESS
54,A-202,2023-12-25,10.588000000000001,BTM-PVBESS
55,A-202,2023-12-26,7.769,BTM-PVBESS
56,A-202,2023-12-27,9.832,BTM-PVBESS
57,A-202,2023-12-28,10.906,BTM-PVBESS
58,A-202,2023-12-29,8.931,BTM-PVBESS
59,A-202,2023-12-30,3.821,BTM-PVBESS
60,A-202,2023-12-31,7.083,BTM-PVBESS
61,A-203,2023-12-20,7.408,BTM-PVBESS
62,A-203,2023-12-21,7.117,BTM-PVBESS
63,A-203,2023-12-22,4.462000000000001,BTM-PVBESS
64,A-203,2023-12-23,9.434,BTM-PVBESS
65,A-203,2023-12-24,10.456,BTM-PVBESS
66,A-203,2023-12-25,11.145,BTM-PVBESS
67,A-203,2023-12-26,8.045,BTM-PVBESS
68,A-203,2023-12-27,10.103,BTM-PVBESS
69,A-203,2023-12-28,11.532,BTM-PVBESS
70,A-203,2023-12-29,9.162,BTM-PVBESS
71,A-203,2023-12-30,3.9909999999999997,BTM-PVBESS
72,A-203,2023-12-31,7.236,BTM-PVBESS
73,A-205,2023-12-16,10.870033333333334,BTM-PVBESS
74,A-205,2023-12-17,8.062966666666666,BTM-PVBESS
75,A-205,2023-12-18,5.387,BTM-PVBESS
76,A-205,2023-12-19,3.645,BTM-PVBESS
77,A-205,2023-12-20,6.313,BTM-PVBESS
78,A-205,2023-12-21,6.474,BTM-PVBESS
79,A-205,2023-12-22,3.6350000000000002,BTM-PVBESS
80,A-205,2023-12-23,7.505000000000001,BTM-PVBESS
81,A-205,2023-12-24,9.293,BTM-PVBESS
82,A-205,2023-12-25,9.415,BTM-PVBESS
83,A-205,2023-12-26,7.0120000000000005,BTM-PVBESS
84,A-205,2023-12-27,8.749,BTM-PVBESS
85,A-205,2023-12-28,8.522177777777777,BTM-PVBESS
86,A-205,2023-12-29,8.635861111111112,BTM-PVBESS
87,A-205,2023-12-30,4.289961111111111,BTM-PVBESS
88,A-205,2023-12-31,5.882,BTM-PVBESS
89,C-101,2023-12-15,2.3208666666666664,BTM-PVBESS
90,C-101,2023-12-16,2.9971533333333333,BTM-PVBESS
91,C-101,2023-12-17,4.8097199999999996,BTM-PVBESS
92,C-101,2023-12-18,4.2307677777777775,BTM-PVBESS
93,C-101,2023-12-19,4.891868888888889,BTM-PVBESS
94,C-101,2023-12-20,3.40498,BTM-PVBESS
95,C-101,2023-12-21,4.485585555555556,BTM-PVBESS
96,C-101,2023-12-22,4.931132222222223,BTM-PVBESS
97,C-101,2023-12-23,2.8135001658005447,BTM-PVBESS
98,C-101,2023-12-24,5.451005389755011,BTM-PVBESS
99,C-101,2023-12-25,5.544174444444445,BTM-PVBESS
100,C-101,2023-12-26,7.733945555555556,BTM-PVBESS
101,C-101,2023-12-27,7.098839488320356,BTM-PVBESS
102,C-101,2023-12-28,7.6002966320809815,BTM-PVBESS
103,C-101,2023-12-29,6.7931627684875515,BTM-PVBESS
104,C-101,2023-12-30,5.480236666666666,BTM-PVBESS
105,C-101,2023-12-31,5.378971111111111,BTM-PVBESS
106,C-102,2023-12-15,2.726775167785235,BTM-PVBESS
107,C-102,2023-12-16,8.728984832214765,BTM-PVBESS
108,C-102,2023-12-17,11.751213333333332,BTM-PVBESS
109,C-102,2023-12-18,7.204605555555555,BTM-PVBESS
110,C-102,2023-12-19,4.633496666666667,BTM-PVBESS
111,C-102,2023-12-20,9.640664444444445,BTM-PVBESS
112,C-102,2023-12-21,11.464233333333334,BTM-PVBESS
113,C-102,2023-12-22,5.961313333333333,BTM-PVBESS
114,C-102,2023-12-23,10.289333333333333,BTM-PVBESS
115,C-102,2023-12-24,12.091913333333334,BTM-PVBESS
116,C-102,2023-12-25,12.891146666666666,BTM-PVBESS
117,C-102,2023-12-26,10.665788888888889,BTM-PVBESS
118,C-102,2023-12-27,11.956135555555557,BTM-PVBESS
119,C-102,2023-12-28,14.078706666666667,BTM-PVBESS
120,C-102,2023-12-29,10.504413333333334,BTM-PVBESS
121,C-102,2023-12-30,5.697462222222223,BTM-PVBESS
122,C-102,2023-12-31,6.198474444444445,BTM-PVBESS
123,C-103,2023-12-15,0.0,BTM-PVBESS
124,C-103,2023-12-16,6.438,BTM-PVBESS
125,C-103,2023-12-17,6.9959999999999996,BTM-PVBESS
126,C-103,2023-12-18,5.1129999999999995,BTM-PVBESS
127,C-103,2023-12-19,2.842,BTM-PVBESS
128,C-103,2023-12-20,4.696000000000001,BTM-PVBESS
129,C-103,2023-12-21,4.514,BTM-PVBESS
130,C-103,2023-12-22,3.343,BTM-PVBESS
131,C-103,2023-12-23,6.8309999999999995,BTM-PVBESS
132,C-103,2023-12-24,7.349,BTM-PVBESS
133,C-103,2023-12-25,8.257,BTM-PVBESS
134,C-103,2023-12-26,5.720000000000001,BTM-PVBESS
135,C-103,2023-12-27,7.385,BTM-PVBESS
136,C-103,2023-12-28,8.175,BTM-PVBESS
137,C-103,2023-12-29,6.8309999999999995,BTM-PVBESS
138,C-103,2023-12-30,2.902,BTM-PVBESS
139,C-103,2023-12-31,5.199,BTM-PVBESS
140,C-104,2023-12-16,3.68668,BTM-PVBESS
141,C-104,2023-12-17,6.375536666666667,BTM-PVBESS
142,C-104,2023-12-18,4.133654444444445,BTM-PVBESS
143,C-104,2023-12-19,4.205128888888889,BTM-PVBESS
144,C-104,2023-12-20,2.8154644444444443,BTM-PVBESS
145,C-104,2023-12-21,4.177938888888889,BTM-PVBESS
146,C-104,2023-12-22,3.8595966666666666,BTM-PVBESS
147,C-104,2023-12-23,3.3982222222222225,BTM-PVBESS
148,C-104,2023-12-24,4.93936,BTM-PVBESS
149,C-104,2023-12-25,8.85741111111111,BTM-PVBESS
150,C-104,2023-12-26,4.1616333333333335,BTM-PVBESS
151,C-104,2023-12-27,5.55616,BTM-PVBESS
152,C-104,2023-12-28,6.141931111111111,BTM-PVBESS
153,C-104,2023-12-29,5.6188400000000005,BTM-PVBESS
154,C-104,2023-12-30,4.987788888888889,BTM-PVBESS
155,C-104,2023-12-31,5.7514111111111115,BTM-PVBESS
156,C-105,2023-12-15,1.42,BTM-PVBESS
157,C-105,2023-12-16,8.944233333333333,BTM-PVBESS
158,C-105,2023-12-17,11.370766666666666,BTM-PVBESS
159,C-105,2023-12-18,6.571,BTM-PVBESS
160,C-105,2023-12-19,4.658,BTM-PVBESS
161,C-105,2023-12-20,7.087011111111111,BTM-PVBESS
162,C-105,2023-12-21,8.564338888888889,BTM-PVBESS
163,C-105,2023-12-22,6.92265,BTM-PVBESS
164,C-105,2023-12-23,6.298351111111111,BTM-PVBESS
165,C-105,2023-12-24,12.568808888888888,BTM-PVBESS
166,C-105,2023-12-25,10.867295555555556,BTM-PVBESS
167,C-105,2023-12-26,11.066024444444444,BTM-PVBESS
168,C-105,2023-12-27,11.331826666666668,BTM-PVBESS
169,C-105,2023-12-28,11.967787777777778,BTM-PVBESS
170,C-105,2023-12-29,10.065277777777778,BTM-PVBESS
171,C-105,2023-12-30,7.135627777777778,BTM-PVBESS
172,C-105,2023-12-31,6.6049999999999995,BTM-PVBESS
173,C-106,2023-12-19,7.180624444444445,BTM-PVBESS
174,C-106,2023-12-20,6.277591111111112,BTM-PVBESS
175,C-106,2023-12-21,9.99942888888889,BTM-PVBESS
176,C-106,2023-12-22,8.91598,BTM-PVBESS
177,C-106,2023-12-23,6.58396,BTM-PVBESS
178,C-106,2023-12-24,15.385480000000001,BTM-PVBESS
179,C-106,2023-12-25,13.16409111111111,BTM-PVBESS
180,C-106,2023-12-26,9.670008888888889,BTM-PVBESS
181,C-106,2023-12-27,10.128308888888888,BTM-PVBESS
182,C-106,2023-12-28,16.28059111111111,BTM-PVBESS
183,C-106,2023-12-29,9.011991111111112,BTM-PVBESS
184,C-106,2023-12-30,6.313568888888889,BTM-PVBESS
185,C-106,2023-12-31,7.743,BTM-PVBESS
186,C-201,2023-12-23,6.256413333333334,BTM-PVBESS
187,C-201,2023-12-24,14.30058,BTM-PVBESS
188,C-201,2023-12-25,12.624597322951427,BTM-PVBESS
189,C-201,2023-12-26,9.51109156593746,BTM-PVBESS
190,C-201,2023-12-27,9.928382222222222,BTM-PVBESS
191,C-201,2023-12-28,14.029491111111112,BTM-PVBESS
192,C-201,2023-12-29,12.440035555555555,BTM-PVBESS
193,C-201,2023-12-30,6.86418,BTM-PVBESS
194,C-201,2023-12-31,5.002992222222222,BTM-PVBESS
195,C-203,2023-12-21,1.09897,BTM-PVBESS
196,C-203,2023-12-22,2.08542,BTM-PVBESS
197,C-203,2023-12-23,4.049432222222222,BTM-PVBESS
198,C-203,2023-12-24,5.129557777777777,BTM-PVBESS
199,C-203,2023-12-25,5.23202,BTM-PVBESS
200,C-203,2023-12-26,6.05299,BTM-PVBESS
201,C-203,2023-12-27,4.963,BTM-PVBESS
202,C-203,2023-12-28,4.359402682926829,BTM-PVBESS
203,C-203,2023-12-29,5.775597317073171,BTM-PVBESS
204,C-203,2023-12-30,2.987992907880133,BTM-PVBESS
205,C-203,2023-12-31,4.800017092119867,BTM-PVBESS
206,C-204,2023-12-21,7.140624444444445,BTM-PVBESS
207,C-204,2023-12-22,5.527014444444444,BTM-PVBESS
208,C-204,2023-12-23,9.754595555555555,BTM-PVBESS
209,C-204,2023-12-24,13.580418888888888,BTM-PVBESS
210,C-204,2023-12-25,13.998,BTM-PVBESS
211,C-204,2023-12-26,9.728086666666666,BTM-PVBESS
212,C-204,2023-12-27,15.398873333333333,BTM-PVBESS
213,C-204,2023-12-28,11.933019999999999,BTM-PVBESS
214,C-204,2023-12-29,9.343033333333333,BTM-PVBESS
215,C-204,2023-12-30,4.245015555555556,BTM-PVBESS
216,C-204,2023-12-31,7.790984444444445,BTM-PVBESS
217,C-206,2023-12-21,5.389,BTM-PVBESS
218,C-206,2023-12-27,9.81,BTM-PVBESS
219,C-206,2023-12-28,16.94583111111111,BTM-PVBESS
220,C-206,2023-12-29,9.915283333333333,BTM-PVBESS
221,C-206,2023-12-30,8.060752222222222,BTM-PVBESS
222,C-206,2023-12-31,5.720422222222222,BTM-PVBESS
223,E-103,2023-12-21,0.20800000000000002,BTM-PVBESS
224,E-103,2023-12-22,1.508,BTM-PVBESS
225,E-103,2023-12-23,5.5249999999999995,BTM-PVBESS
226,E-103,2023-12-24,5.265,BTM-PVBESS
227,E-103,2023-12-25,5.25,BTM-PVBESS
228,E-103,2023-12-26,4.89,BTM-PVBESS
229,E-103,2023-12-27,4.944,BTM-PVBESS
230,E-103,2023-12-28,4.862,BTM-PVBESS
231,E-103,2023-12-29,6.098,BTM-PVBESS
232,E-103,2023-12-30,2.49,BTM-PVBESS
233,E-103,2023-12-31,4.071000000000001,BTM-PVBESS
234,E-104,2023-12-22,1.5530000000000002,BTM-PVBESS
235,E-104,2023-12-23,0.9460000000000001,BTM-PVBESS
236,E-104,2023-12-24,1.228,BTM-PVBESS
237,E-104,2023-12-25,1.018,BTM-PVBESS
238,E-104,2023-12-26,1.611,BTM-PVBESS
239,E-104,2023-12-27,1.153,BTM-PVBESS
240,E-104,2023-12-28,1.083,BTM-PVBESS
241,E-104,2023-12-29,1.4689999999999999,BTM-PVBESS
242,E-104,2023-12-30,0.962,BTM-PVBESS
243,E-104,2023-12-31,1.722,BTM-PVBESS
244,E-201,2023-12-22,2.1670000000000003,BTM-PVBESS
245,E-201,2023-12-23,7.6850000000000005,BTM-PVBESS
246,E-201,2023-12-24,7.467,BTM-PVBESS
247,E-201,2023-12-25,8.527000000000001,BTM-PVBESS
248,E-201,2023-12-26,6.3149999999999995,BTM-PVBESS
249,E-201,2023-12-27,7.36,BTM-PVBESS
250,E-201,2023-12-28,8.095,BTM-PVBESS
251,E-201,2023-12-29,7.0440000000000005,BTM-PVBESS
252,E-201,2023-12-30,3.483,BTM-PVBESS
253,E-201,2023-12-31,6.06,BTM-PVBESS
254,G-101,2023-12-23,8.346,BTM-PVBESS
255,G-101,2023-12-24,8.923,BTM-PVBESS
256,G-101,2023-12-25,9.291,BTM-PVBESS
257,G-101,2023-12-26,6.936680833333333,BTM-PVBESS
258,G-101,2023-12-27,8.391319166666667,BTM-PVBESS
259,G-101,2023-12-28,9.566,BTM-PVBESS
260,G-101,2023-12-29,7.785,BTM-PVBESS
261,G-101,2023-12-30,3.6459055555555553,BTM-PVBESS
262,G-101,2023-12-31,6.430094444444444,BTM-PVBESS
263,G-102,2023-12-22,0.526,BTM-PVBESS
264,G-102,2023-12-23,7.766,BTM-PVBESS
265,G-102,2023-12-24,8.542,BTM-PVBESS
266,G-102,2023-12-25,8.952,BTM-PVBESS
267,G-102,2023-12-26,6.671,BTM-PVBESS
268,G-102,2023-12-27,8.167,BTM-PVBESS
269,G-102,2023-12-28,9.139000000000001,BTM-PVBESS
270,G-102,2023-12-29,7.5920000000000005,BTM-PVBESS
271,G-102,2023-12-30,3.5149999999999997,BTM-PVBESS
272,G-102,2023-12-31,6.337,BTM-PVBESS
273,G-105,2023-12-16,8.458,BTM-PVBESS
274,G-105,2023-12-17,7.498,BTM-PVBESS
275,G-105,2023-12-18,5.5920000000000005,BTM-PVBESS
276,G-105,2023-12-19,3.541,BTM-PVBESS
277,G-105,2023-12-20,5.953,BTM-PVBESS
278,G-105,2023-12-21,5.979,BTM-PVBESS
279,G-105,2023-12-22,3.774,BTM-PVBESS
280,G-105,2023-12-23,8.119,BTM-PVBESS
281,G-105,2023-12-24,8.39,BTM-PVBESS
282,G-105,2023-12-25,8.817,BTM-PVBESS
283,G-105,2023-12-26,6.646000000000001,BTM-PVBESS
284,G-105,2023-12-27,7.911,BTM-PVBESS
285,G-105,2023-12-28,9.039,BTM-PVBESS
286,G-105,2023-12-29,7.492,BTM-PVBESS
287,G-105,2023-12-30,3.5589999999999997,BTM-PVBESS
288,G-105,2023-12-31,6.242,BTM-PVBESS
289,G-201,2023-12-21,5.2829999999999995,BTM-PVBESS
290,G-201,2023-12-27,9.031,BTM-PVBESS
291,G-201,2023-12-28,12.498999999999999,BTM-PVBESS
292,G-201,2023-12-29,9.876999999999999,BTM-PVBESS
293,G-201,2023-12-30,4.372,BTM-PVBESS
294,G-201,2023-12-31,7.394,BTM-PVBESS
295,G-203,2023-12-21,4.4879999999999995,BTM-PVBESS
296,G-203,2023-12-27,8.405,BTM-PVBESS
297,G-203,2023-12-28,13.121,BTM-PVBESS
298,G-203,2023-12-29,9.2,BTM-PVBESS
299,G-203,2023-12-30,5.165,BTM-PVBESS
300,G-203,2023-12-31,7.562,BTM-PVBESS
301,G-205,2023-12-21,5.689,BTM-PVBESS
302,G-205,2023-12-27,8.887,BTM-PVBESS
303,G-205,2023-12-28,13.052999999999999,BTM-PVBESS
304,G-205,2023-12-29,10.227,BTM-PVBESS
305,G-205,2023-12-30,4.8999999999999995,BTM-PVBESS
306,G-205,2023-12-31,7.836,BTM-PVBESS
307,G-206,2023-12-21,6.126,BTM-PVBESS
308,G-206,2023-12-27,11.970813333333334,BTM-PVBESS
309,G-206,2023-12-28,11.543213333333334,BTM-PVBESS
310,G-206,2023-12-29,9.700362222222223,BTM-PVBESS
311,G-206,2023-12-30,7.909611111111111,BTM-PVBESS
312,G-206,2023-12-31,4.887466666666667,BTM-PVBESS
313,H-101,2023-12-20,1.82,BTM-PVBESS
314,H-101,2023-12-21,1.547,BTM-PVBESS
315,H-101,2023-12-22,1.516,BTM-PVBESS
316,H-101,2023-12-23,7.755000000000001,BTM-PVBESS
317,H-101,2023-12-24,8.077,BTM-PVBESS
318,H-101,2023-12-25,9.255,BTM-PVBESS
319,H-101,2023-12-26,6.5520000000000005,BTM-PVBESS
320,H-101,2023-12-27,7.777,BTM-PVBESS
321,H-101,2023-12-28,8.907,BTM-PVBESS
322,H-101,2023-12-29,6.997,BTM-PVBESS
323,H-101,2023-12-30,3.094,BTM-PVBESS
324,H-101,2023-12-31,5.777,BTM-PVBESS
325,H-102,2023-12-20,3.215,BTM-PVBESS
326,H-102,2023-12-21,3.161,BTM-PVBESS
327,H-102,2023-12-22,2.389,BTM-PVBESS
328,H-102,2023-12-23,5.618,BTM-PVBESS
329,H-102,2023-12-24,4.14,BTM-PVBESS
330,H-102,2023-12-25,4.296,BTM-PVBESS
331,H-102,2023-12-26,4.486,BTM-PVBESS
332,H-102,2023-12-27,4.399,BTM-PVBESS
333,H-102,2023-12-28,4.4030000000000005,BTM-PVBESS
334,H-102,2023-12-29,5.279,BTM-PVBESS
335,H-102,2023-12-30,2.796,BTM-PVBESS
336,H-102,2023-12-31,4.883986666666667,BTM-PVBESS
337,H-103,2023-12-20,3.517,BTM-PVBESS
338,H-103,2023-12-21,2.3047500000000003,BTM-PVBESS
339,H-103,2023-12-22,4.766987777777778,BTM-PVBESS
340,H-103,2023-12-23,3.9273422222222223,BTM-PVBESS
341,H-103,2023-12-24,8.34065,BTM-PVBESS
342,H-103,2023-12-25,8.51138,BTM-PVBESS
343,H-103,2023-12-26,7.94238,BTM-PVBESS
344,H-103,2023-12-27,6.825543333333334,BTM-PVBESS
345,H-103,2023-12-28,8.881756666666668,BTM-PVBESS
346,H-103,2023-12-29,8.189905555555555,BTM-PVBESS
347,H-103,2023-12-30,5.038444444444444,BTM-PVBESS
348,H-103,2023-12-31,4.10229,BTM-PVBESS
349,H-104,2023-12-20,2.219,BTM-PVBESS
350,H-104,2023-12-21,1.8080000000000003,BTM-PVBESS
351,H-104,2023-12-22,2.394,BTM-PVBESS
352,H-104,2023-12-23,8.361,BTM-PVBESS
353,H-104,2023-12-24,8.833,BTM-PVBESS
354,H-104,2023-12-25,9.612,BTM-PVBESS
355,H-104,2023-12-26,7.236,BTM-PVBESS
356,H-104,2023-12-27,8.459,BTM-PVBESS
357,H-104,2023-12-28,9.7,BTM-PVBESS
358,H-104,2023-12-29,8.009,BTM-PVBESS
359,H-104,2023-12-30,3.6130000000000004,BTM-PVBESS
360,H-104,2023-12-31,6.3500000000000005,BTM-PVBESS
361,H-201,2023-12-20,3.9487433333333333,BTM-PVBESS
362,H-201,2023-12-21,3.516687777777778,BTM-PVBESS
363,H-201,2023-12-22,3.399311111111111,BTM-PVBESS
364,H-201,2023-12-23,3.3414555555555556,BTM-PVBESS
365,H-201,2023-12-24,4.552593333333333,BTM-PVBESS
366,H-201,2023-12-25,8.165675555555556,BTM-PVBESS
367,H-201,2023-12-26,6.4218866666666665,BTM-PVBESS
368,H-201,2023-12-27,7.594273333333333,BTM-PVBESS
369,H-201,2023-12-28,10.150295555555555,BTM-PVBESS
370,H-201,2023-12-29,4.863322222222222,BTM-PVBESS
371,H-201,2023-12-30,6.2760781362007165,BTM-PVBESS
372,H-201,2023-12-31,4.545827419354839,BTM-PVBESS
373,H-202,2023-12-21,0.41200000000000003,BTM-PVBESS
374,H-202,2023-12-22,1.015,BTM-PVBESS
375,H-202,2023-12-23,2.1510000000000002,BTM-PVBESS
376,H-202,2023-12-24,4.704,BTM-PVBESS
377,H-202,2023-12-25,5.147,BTM-PVBESS
378,H-202,2023-12-26,4.975,BTM-PVBESS
379,H-202,2023-12-27,5.508,BTM-PVBESS
380,H-202,2023-12-28,5.156000000000001,BTM-PVBESS
381,H-202,2023-12-29,5.568,BTM-PVBESS
382,H-202,2023-12-30,2.823,BTM-PVBESS
383,H-202,2023-12-31,5.098,BTM-PVBESS
384,H-203,2023-12-20,2.391135706340378,BTM-PVBESS
385,H-203,2023-12-21,2.872414293659622,BTM-PVBESS
386,H-203,2023-12-22,4.375594444444444,BTM-PVBESS
387,H-203,2023-12-23,4.480611111111111,BTM-PVBESS
388,H-203,2023-12-24,8.167833333333334,BTM-PVBESS
389,H-203,2023-12-25,6.892531111111111,BTM-PVBESS
390,H-203,2023-12-26,7.062068888888889,BTM-PVBESS
391,H-203,2023-12-27,5.976081111111111,BTM-PVBESS
392,H-203,2023-12-28,7.66674,BTM-PVBESS
393,H-203,2023-12-29,6.9430233333333335,BTM-PVBESS
394,H-203,2023-12-30,2.993716666666667,BTM-PVBESS
395,H-203,2023-12-31,6.163272222222222,BTM-PVBESS
396,I-101,2023-12-15,1.068,BTM-PVBESS
397,I-101,2023-12-16,4.373711111111111,BTM-PVBESS
398,I-101,2023-12-17,3.5739288888888887,BTM-PVBESS
399,I-101,2023-12-18,2.8510933333333335,BTM-PVBESS
400,I-101,2023-12-19,1.6122666666666667,BTM-PVBESS
401,I-101,2023-12-20,0.598,BTM-PVBESS
402,I-101,2023-12-21,0.48,BTM-PVBESS
403,I-101,2023-12-22,1.206,BTM-PVBESS
404,I-101,2023-12-23,5.934,BTM-PVBESS
405,I-101,2023-12-24,7.094,BTM-PVBESS
406,I-101,2023-12-25,7.381,BTM-PVBESS
407,I-101,2023-12-26,6.171,BTM-PVBESS
408,I-101,2023-12-27,6.79,BTM-PVBESS
409,I-101,2023-12-28,7.542,BTM-PVBESS
410,I-101,2023-12-29,7.106,BTM-PVBESS
411,I-101,2023-12-30,3.52,BTM-PVBESS
412,I-101,2023-12-31,5.971,BTM-PVBESS
413,I-106,2023-12-22,0.617,BTM-PVBESS
414,I-106,2023-12-27,17.121851111111113,BTM-PVBESS
415,I-106,2023-12-28,12.73742888888889,BTM-PVBESS
416,I-106,2023-12-29,10.261973333333334,BTM-PVBESS
417,I-106,2023-12-30,6.996746666666667,BTM-PVBESS
418,I-106,2023-12-31,5.407813333333333,BTM-PVBESS
419,I-202,2023-12-21,0.0,BTM-PVBESS
420,I-202,2023-12-22,0.899,BTM-PVBESS
421,I-202,2023-12-27,19.305777777777777,BTM-PVBESS
422,I-202,2023-12-28,13.636053333333333,BTM-PVBESS
423,I-202,2023-12-29,10.124168888888889,BTM-PVBESS
424,I-202,2023-12-30,4.175,BTM-PVBESS
425,I-202,2023-12-31,6.744,BTM-PVBESS
426,I-203,2023-12-22,2.155,BTM-PVBESS
427,I-203,2023-12-27,16.4825,BTM-PVBESS
428,I-203,2023-12-28,12.35474360400445,BTM-PVBESS
429,I-203,2023-12-29,10.131271951551106,BTM-PVBESS
430,I-203,2023-12-30,6.346355555555555,BTM-PVBESS
431,I-203,2023-12-31,8.982128888888889,BTM-PVBESS
432,I-205,2023-12-22,0.912,BTM-PVBESS
433,I-205,2023-12-27,19.012,BTM-PVBESS
434,I-205,2023-12-28,14.317,BTM-PVBESS
435,I-205,2023-12-29,10.328,BTM-PVBESS
436,I-205,2023-12-30,4.124,BTM-PVBESS
437,I-205,2023-12-31,7.242999999999999,BTM-PVBESS
438,I-206,2023-12-21,1.693,BTM-PVBESS
439,I-206,2023-12-27,12.27,BTM-PVBESS
440,I-206,2023-12-28,14.814,BTM-PVBESS
441,I-206,2023-12-29,10.613,BTM-PVBESS
442,I-206,2023-12-30,4.5,BTM-PVBESS
443,I-206,2023-12-31,7.803,BTM-PVBESS
444,L-101,2023-07-26,20.11,BTM-PVBESS
445,L-101,2023-07-27,24.255,BTM-PVBESS
446,L-101,2023-07-28,15.45,BTM-PVBESS
447,L-101,2023-07-29,17.181,BTM-PVBESS
448,L-101,2023-07-30,17.251,BTM-PVBESS
449,L-101,2023-07-31,6.277,BTM-PVBESS
450,L-101,2023-08-01,18.43,BTM-PVBESS
451,L-101,2023-08-02,19.403,BTM-PVBESS
452,L-101,2023-08-03,20.750999999999998,BTM-PVBESS
453,L-101,2023-08-04,19.61,BTM-PVBESS
454,L-101,2023-08-05,19.39,BTM-PVBESS
455,L-101,2023-08-06,19.580000000000002,BTM-PVBESS
456,L-101,2023-08-07,19.172,BTM-PVBESS
457,L-101,2023-08-08,16.203,BTM-PVBESS
458,L-101,2023-08-09,15.052,BTM-PVBESS
459,L-101,2023-08-10,15.857,BTM-PVBESS
460,L-101,2023-08-11,16.818,BTM-PVBESS
461,L-101,2023-08-12,18.543,BTM-PVBESS
462,L-101,2023-08-13,18.391,BTM-PVBESS
463,L-101,2023-08-14,17.835,BTM-PVBESS
464,L-101,2023-08-15,10.425,BTM-PVBESS
465,L-101,2023-08-16,11.959,BTM-PVBESS
466,L-101,2023-08-17,15.506,BTM-PVBESS
467,L-101,2023-08-18,15.762,BTM-PVBESS
468,L-101,2023-08-19,7.389,BTM-PVBESS
469,L-101,2023-08-20,1.4909999999999999,BTM-PVBESS
470,L-101,2023-08-21,20.785,BTM-PVBESS
471,L-101,2023-08-22,23.955,BTM-PVBESS
472,L-101,2023-08-23,23.471,BTM-PVBESS
473,L-101,2023-08-24,22.976000000000003,BTM-PVBESS
474,L-101,2023-08-25,23.393,BTM-PVBESS
475,L-101,2023-08-26,23.197,BTM-PVBESS
476,L-101,2023-08-27,22.163,BTM-PVBESS
477,L-101,2023-08-28,22.226,BTM-PVBESS
478,L-101,2023-08-29,22.084,BTM-PVBESS
479,L-101,2023-08-30,22.072,BTM-PVBESS
480,L-101,2023-08-31,22.619,BTM-PVBESS
481,L-101,2023-09-01,13.873000000000001,BTM-PVBESS
482,L-101,2023-09-02,14.249,BTM-PVBESS
483,L-101,2023-09-03,19.534,BTM-PVBESS
484,L-101,2023-09-04,20.133,BTM-PVBESS
485,L-101,2023-09-05,2.392,BTM-PVBESS
486,L-101,2023-09-26,16.531,BTM-PVBESS
487,L-101,2023-09-27,18.148,BTM-PVBESS
488,L-101,2023-09-28,12.326,BTM-PVBESS
489,L-101,2023-09-29,13.168,BTM-PVBESS
490,L-101,2023-09-30,6.807,BTM-PVBESS
491,L-101,2023-10-01,10.199,BTM-PVBESS
492,L-101,2023-10-02,18.085,BTM-PVBESS
493,L-101,2023-10-03,17.543,BTM-PVBESS
494,L-101,2023-10-04,17.106,BTM-PVBESS
495,L-101,2023-10-05,20.895,BTM-PVBESS
496,L-101,2023-10-06,12.484,BTM-PVBESS
497,L-101,2023-10-07,16.841,BTM-PVBESS
498,L-101,2023-10-08,16.301,BTM-PVBESS
499,L-101,2023-10-09,16.137,BTM-PVBESS
500,L-101,2023-10-10,16.458000000000002,BTM-PVBESS
501,L-101,2023-10-11,13.27,BTM-PVBESS
502,L-101,2023-10-12,16.474887777777777,BTM-PVBESS
503,L-101,2023-10-13,13.716112222222222,BTM-PVBESS
504,L-101,2023-10-14,14.193999999999999,BTM-PVBESS
505,L-101,2023-10-15,15.055,BTM-PVBESS
506,L-101,2023-10-16,14.817,BTM-PVBESS
507,L-101,2023-10-17,14.102,BTM-PVBESS
508,L-101,2023-10-18,14.019,BTM-PVBESS
509,L-101,2023-10-19,18.503,BTM-PVBESS
510,L-101,2023-10-20,12.258000000000001,BTM-PVBESS
511,L-101,2023-10-21,9.636,BTM-PVBESS
512,L-101,2023-10-22,10.068,BTM-PVBESS
513,L-101,2023-10-23,7.588,BTM-PVBESS
514,L-101,2023-10-24,11.949,BTM-PVBESS
515,L-101,2023-10-25,3.887,BTM-PVBESS
516,L-101,2023-10-26,7.3870000000000005,BTM-PVBESS
517,L-101,2023-10-27,10.749,BTM-PVBESS
518,L-101,2023-10-28,10.171000000000001,BTM-PVBESS
519,L-101,2023-10-29,10.224,BTM-PVBESS
520,L-101,2023-10-30,8.641,BTM-PVBESS
521,L-101,2023-10-31,9.167,BTM-PVBESS
522,L-101,2023-11-01,9.809000000000001,BTM-PVBESS
523,L-101,2023-11-02,17.563216666666666,BTM-PVBESS
524,L-101,2023-11-03,7.889,BTM-PVBESS
525,L-101,2023-11-04,7.793,BTM-PVBESS
526,L-101,2023-11-05,7.092,BTM-PVBESS
527,L-101,2023-11-06,7.016,BTM-PVBESS
528,L-101,2023-11-07,5.987,BTM-PVBESS
529,L-101,2023-11-08,7.1530000000000005,BTM-PVBESS
530,L-101,2023-11-09,6.871,BTM-PVBESS
531,L-101,2023-11-10,7.2749999999999995,BTM-PVBESS
532,L-101,2023-11-11,6.369000000000001,BTM-PVBESS
533,L-101,2023-11-12,6.215,BTM-PVBESS
534,L-101,2023-11-13,5.923,BTM-PVBESS
535,L-101,2023-11-14,6.143,BTM-PVBESS
536,L-101,2023-11-15,2.68,BTM-PVBESS
537,L-101,2023-11-16,7.18,BTM-PVBESS
538,L-101,2023-11-17,7.37,BTM-PVBESS
539,L-101,2023-11-18,7.199999999999999,BTM-PVBESS
540,L-101,2023-11-19,7.2620000000000005,BTM-PVBESS
541,L-101,2023-11-20,7.447,BTM-PVBESS
542,L-101,2023-11-21,7.003,BTM-PVBESS
543,L-101,2023-11-22,6.95,BTM-PVBESS
544,L-101,2023-11-23,7.006,BTM-PVBESS
545,L-101,2023-11-24,6.086,BTM-PVBESS
546,L-101,2023-11-25,6.788,BTM-PVBESS
547,L-101,2023-11-26,8.026,BTM-PVBESS
548,L-101,2023-11-27,6.747999999999999,BTM-PVBESS
549,L-101,2023-11-28,6.390000000000001,BTM-PVBESS
550,L-101,2023-11-29,5.383,BTM-PVBESS
551,L-101,2023-11-30,0.041999999999999996,BTM-PVBESS
552,L-101,2023-12-05,5.278,BTM-PVBESS
553,L-101,2023-12-06,5.658,BTM-PVBESS
554,L-101,2023-12-07,6.048,BTM-PVBESS
555,L-101,2023-12-08,6.09,BTM-PVBESS
556,L-101,2023-12-09,5.65,BTM-PVBESS
557,L-101,2023-12-10,5.856,BTM-PVBESS
558,L-101,2023-12-11,6.047,BTM-PVBESS
559,L-101,2023-12-12,5.569,BTM-PVBESS
560,L-101,2023-12-13,5.551,BTM-PVBESS
561,L-101,2023-12-14,15.588000000000001,BTM-PVBESS
562,L-101,2023-12-15,5.361,BTM-PVBESS
563,L-101,2023-12-16,5.085,BTM-PVBESS
564,L-101,2023-12-17,5.328,BTM-PVBESS
565,L-101,2023-12-18,4.242,BTM-PVBESS
566,L-101,2023-12-19,3.29,BTM-PVBESS
567,L-101,2023-12-20,3.778,BTM-PVBESS
568,L-101,2023-12-21,3.5789999999999997,BTM-PVBESS
569,L-101,2023-12-22,3.0610000000000004,BTM-PVBESS
570,L-101,2023-12-23,6.029,BTM-PVBESS
571,L-101,2023-12-24,5.298,BTM-PVBESS
572,L-101,2023-12-25,5.654999999999999,BTM-PVBESS
573,L-101,2023-12-26,5.591,BTM-PVBESS
574,L-101,2023-12-27,5.811999999999999,BTM-PVBESS
575,L-101,2023-12-28,5.582,BTM-PVBESS
576,L-101,2023-12-29,6.17,BTM-PVBESS
577,L-101,2023-12-30,3.2449999999999997,BTM-PVBESS
578,L-101,2023-12-31,5.479,BTM-PVBESS
579,L-103,2023-07-26,20.659,BTM-PVBESS
580,L-103,2023-07-27,24.664,BTM-PVBESS
581,L-103,2023-07-28,16.256,BTM-PVBESS
582,L-103,2023-07-29,17.932000000000002,BTM-PVBESS
583,L-103,2023-07-30,20.151,BTM-PVBESS
584,L-103,2023-07-31,6.578,BTM-PVBESS
585,L-103,2023-08-01,19.09617,BTM-PVBESS
586,L-103,2023-08-02,20.058625555555555,BTM-PVBESS
587,L-103,2023-08-03,21.476204444444445,BTM-PVBESS
588,L-103,2023-08-04,20.408,BTM-PVBESS
589,L-103,2023-08-05,20.156,BTM-PVBESS
590,L-103,2023-08-06,20.355999999999998,BTM-PVBESS
591,L-103,2023-08-07,20.307,BTM-PVBESS
592,L-103,2023-08-08,16.719,BTM-PVBESS
593,L-103,2023-08-09,15.688,BTM-PVBESS
594,L-103,2023-08-10,17.422,BTM-PVBESS
595,L-103,2023-08-11,17.142,BTM-PVBESS
596,L-103,2023-08-12,19.245,BTM-PVBESS
597,L-103,2023-08-13,19.035,BTM-PVBESS
598,L-103,2023-08-14,18.465,BTM-PVBESS
599,L-103,2023-08-15,10.983,BTM-PVBESS
600,L-103,2023-08-16,12.975999999999999,BTM-PVBESS
601,L-103,2023-08-17,16.885,BTM-PVBESS
602,L-103,2023-08-18,17.206,BTM-PVBESS
603,L-103,2023-08-19,8.355,BTM-PVBESS
604,L-103,2023-08-20,1.7550000000000001,BTM-PVBESS
605,L-103,2023-08-21,21.504,BTM-PVBESS
606,L-103,2023-08-22,24.394,BTM-PVBESS
607,L-103,2023-08-23,23.935,BTM-PVBESS
608,L-103,2023-08-24,23.363,BTM-PVBESS
609,L-103,2023-08-25,24.180988888888887,BTM-PVBESS
610,L-103,2023-08-26,23.52001111111111,BTM-PVBESS
611,L-103,2023-08-27,22.68339,BTM-PVBESS
612,L-103,2023-08-28,22.683609999999998,BTM-PVBESS
613,L-103,2023-08-29,22.634,BTM-PVBESS
614,L-103,2023-08-30,22.66,BTM-PVBESS
615,L-103,2023-08-31,23.248,BTM-PVBESS
616,L-103,2023-09-01,14.193,BTM-PVBESS
617,L-103,2023-09-02,14.984,BTM-PVBESS
618,L-103,2023-09-03,20.566000000000003,BTM-PVBESS
619,L-103,2023-09-04,21.055,BTM-PVBESS
620,L-103,2023-09-05,2.3870000000000005,BTM-PVBESS
621,L-103,2023-09-26,17.84,BTM-PVBESS
622,L-103,2023-09-27,20.472,BTM-PVBESS
623,L-103,2023-09-28,12.724,BTM-PVBESS
624,L-103,2023-09-29,14.015,BTM-PVBESS
625,L-103,2023-09-30,7.343999999999999,BTM-PVBESS
626,L-103,2023-10-01,10.649,BTM-PVBESS
627,L-103,2023-10-02,18.7,BTM-PVBESS
628,L-103,2023-10-03,18.105999999999998,BTM-PVBESS
629,L-103,2023-10-04,17.651,BTM-PVBESS
630,L-103,2023-10-05,21.38,BTM-PVBESS
631,L-103,2023-10-06,13.028,BTM-PVBESS
632,L-103,2023-10-07,17.435,BTM-PVBESS
633,L-103,2023-10-08,16.938,BTM-PVBESS
634,L-103,2023-10-09,16.803,BTM-PVBESS
635,L-103,2023-10-10,17.154,BTM-PVBESS
636,L-103,2023-10-11,13.755,BTM-PVBESS
637,L-103,2023-10-12,17.185,BTM-PVBESS
638,L-103,2023-10-13,14.643,BTM-PVBESS
639,L-103,2023-10-14,14.918,BTM-PVBESS
640,L-103,2023-10-15,15.964,BTM-PVBESS
641,L-103,2023-10-16,15.769,BTM-PVBESS
642,L-103,2023-10-17,15.136000000000001,BTM-PVBESS
643,L-103,2023-10-18,15.215,BTM-PVBESS
644,L-103,2023-10-19,19.724,BTM-PVBESS
645,L-103,2023-10-20,13.837,BTM-PVBESS
646,L-103,2023-10-21,11.322,BTM-PVBESS
647,L-103,2023-10-22,11.385,BTM-PVBESS
648,L-103,2023-10-23,8.596,BTM-PVBESS
649,L-103,2023-10-24,14.28,BTM-PVBESS
650,L-103,2023-10-25,4.258,BTM-PVBESS
651,L-103,2023-10-26,9.926,BTM-PVBESS
652,L-103,2023-10-27,13.555,BTM-PVBESS
653,L-103,2023-10-28,12.861,BTM-PVBESS
654,L-103,2023-10-29,13.952,BTM-PVBESS
655,L-103,2023-10-30,11.969999999999999,BTM-PVBESS
656,L-103,2023-10-31,13.178,BTM-PVBESS
657,L-103,2023-11-01,12.646,BTM-PVBESS
658,L-103,2023-11-02,12.411000000000001,BTM-PVBESS
659,L-103,2023-11-03,12.05,BTM-PVBESS
660,L-103,2023-11-04,11.796000000000001,BTM-PVBESS
661,L-103,2023-11-05,11.431000000000001,BTM-PVBESS
662,L-103,2023-11-06,11.939,BTM-PVBESS
663,L-103,2023-11-07,7.297000000000001,BTM-PVBESS
664,L-103,2023-11-08,12.038,BTM-PVBESS
665,L-103,2023-11-09,11.881,BTM-PVBESS
666,L-103,2023-11-10,10.272,BTM-PVBESS
667,L-103,2023-11-11,11.231,BTM-PVBESS
668,L-103,2023-11-12,10.934,BTM-PVBESS
669,L-103,2023-11-13,8.545,BTM-PVBESS
670,L-103,2023-11-14,10.540000000000001,BTM-PVBESS
671,L-103,2023-11-15,2.884,BTM-PVBESS
672,L-103,2023-11-16,9.581,BTM-PVBESS
673,L-103,2023-11-17,12.907,BTM-PVBESS
674,L-103,2023-11-18,9.316,BTM-PVBESS
675,L-103,2023-11-19,11.649999999999999,BTM-PVBESS
676,L-103,2023-11-20,12.934000000000001,BTM-PVBESS
677,L-103,2023-11-21,12.427000000000001,BTM-PVBESS
678,L-103,2023-11-22,12.063,BTM-PVBESS
679,L-103,2023-11-23,11.617,BTM-PVBESS
680,L-103,2023-11-24,7.668,BTM-PVBESS
681,L-103,2023-11-25,12.023,BTM-PVBESS
682,L-103,2023-11-26,11.725999999999999,BTM-PVBESS
683,L-103,2023-11-27,11.081999999999999,BTM-PVBESS
684,L-103,2023-11-28,11.353,BTM-PVBESS
685,L-103,2023-11-29,6.220000000000001,BTM-PVBESS
686,L-103,2023-11-30,0.049,BTM-PVBESS
687,L-103,2023-12-05,9.8,BTM-PVBESS
688,L-103,2023-12-06,10.25,BTM-PVBESS
689,L-103,2023-12-07,10.294,BTM-PVBESS
690,L-103,2023-12-08,10.583,BTM-PVBESS
691,L-103,2023-12-09,10.09,BTM-PVBESS
692,L-103,2023-12-10,10.182,BTM-PVBESS
693,L-103,2023-12-11,9.024,BTM-PVBESS
694,L-103,2023-12-12,10.049999999999999,BTM-PVBESS
695,L-103,2023-12-13,9.875,BTM-PVBESS
696,L-103,2023-12-14,9.799999999999999,BTM-PVBESS
697,L-103,2023-12-15,9.596,BTM-PVBESS
698,L-103,2023-12-16,9.057,BTM-PVBESS
699,L-103,2023-12-17,8.145999999999999,BTM-PVBESS
700,L-103,2023-12-18,5.885,BTM-PVBESS
701,L-103,2023-12-19,3.794,BTM-PVBESS
702,L-103,2023-12-20,6.43,BTM-PVBESS
703,L-103,2023-12-21,6.385,BTM-PVBESS
704,L-103,2023-12-22,4.091,BTM-PVBESS
705,L-103,2023-12-23,8.483,BTM-PVBESS
706,L-103,2023-12-24,9.002,BTM-PVBESS
707,L-103,2023-12-25,9.464,BTM-PVBESS
708,L-103,2023-12-26,7.007,BTM-PVBESS
709,L-103,2023-12-27,8.549,BTM-PVBESS
710,L-103,2023-12-28,9.671,BTM-PVBESS
711,L-103,2023-12-29,7.907,BTM-PVBESS
712,L-103,2023-12-30,3.7449999999999997,BTM-PVBESS
713,L-103,2023-12-31,6.635,BTM-PVBESS
714,L-104,2023-07-27,20.108,BTM-PVBESS
715,L-104,2023-07-28,20.19,BTM-PVBESS
716,L-104,2023-07-29,17.262999999999998,BTM-PVBESS
717,L-104,2023-07-30,17.22,BTM-PVBESS
718,L-104,2023-07-31,6.307,BTM-PVBESS
719,L-104,2023-08-01,18.0,BTM-PVBESS
720,L-104,2023-08-02,18.992,BTM-PVBESS
721,L-104,2023-08-03,19.987,BTM-PVBESS
722,L-104,2023-08-04,19.156,BTM-PVBESS
723,L-104,2023-08-05,18.872,BTM-PVBESS
724,L-104,2023-08-06,19.0,BTM-PVBESS
725,L-104,2023-08-07,18.841,BTM-PVBESS
726,L-104,2023-08-08,15.846,BTM-PVBESS
727,L-104,2023-08-09,14.728,BTM-PVBESS
728,L-104,2023-08-10,15.527,BTM-PVBESS
729,L-104,2023-08-11,16.4,BTM-PVBESS
730,L-104,2023-08-12,18.080494444444444,BTM-PVBESS
731,L-104,2023-08-13,17.893505555555553,BTM-PVBESS
732,L-104,2023-08-14,17.382,BTM-PVBESS
733,L-104,2023-08-15,10.265,BTM-PVBESS
734,L-104,2023-08-16,11.302,BTM-PVBESS
735,L-104,2023-08-17,14.157,BTM-PVBESS
736,L-104,2023-08-18,14.207,BTM-PVBESS
737,L-104,2023-08-19,6.883,BTM-PVBESS
738,L-104,2023-08-20,1.495,BTM-PVBESS
739,L-104,2023-08-21,20.718,BTM-PVBESS
740,L-104,2023-08-22,23.694,BTM-PVBESS
741,L-104,2023-08-23,23.096999999999998,BTM-PVBESS
742,L-104,2023-08-24,22.6,BTM-PVBESS
743,L-104,2023-08-25,22.996,BTM-PVBESS
744,L-104,2023-08-26,22.795,BTM-PVBESS
745,L-104,2023-08-27,22.035,BTM-PVBESS
746,L-104,2023-08-28,22.047,BTM-PVBESS
747,L-104,2023-08-29,21.776,BTM-PVBESS
748,L-104,2023-08-30,21.576999999999998,BTM-PVBESS
749,L-104,2023-08-31,22.177,BTM-PVBESS
750,L-104,2023-09-01,14.411,BTM-PVBESS
751,L-104,2023-09-02,14.307,BTM-PVBESS
752,L-104,2023-09-03,19.313,BTM-PVBESS
753,L-104,2023-09-04,20.148,BTM-PVBESS
754,L-104,2023-09-05,2.3600000000000003,BTM-PVBESS
755,L-104,2023-09-26,15.258000000000001,BTM-PVBESS
756,L-104,2023-09-27,17.293,BTM-PVBESS
757,L-104,2023-09-28,11.409,BTM-PVBESS
758,L-104,2023-09-29,12.134,BTM-PVBESS
759,L-104,2023-09-30,6.316,BTM-PVBESS
760,L-104,2023-10-01,9.901,BTM-PVBESS
761,L-104,2023-10-02,17.45,BTM-PVBESS
762,L-104,2023-10-03,17.008,BTM-PVBESS
763,L-104,2023-10-04,16.531000000000002,BTM-PVBESS
764,L-104,2023-10-05,20.351,BTM-PVBESS
765,L-104,2023-10-06,11.944,BTM-PVBESS
766,L-104,2023-10-07,16.2,BTM-PVBESS
767,L-104,2023-10-08,15.798,BTM-PVBESS
768,L-104,2023-10-09,15.706,BTM-PVBESS
769,L-104,2023-10-10,15.962,BTM-PVBESS
770,L-104,2023-10-11,12.711,BTM-PVBESS
771,L-104,2023-10-12,16.203,BTM-PVBESS
772,L-104,2023-10-13,13.764,BTM-PVBESS
773,L-104,2023-10-14,13.9,BTM-PVBESS
774,L-104,2023-10-15,15.041,BTM-PVBESS
775,L-104,2023-10-16,14.711,BTM-PVBESS
776,L-104,2023-10-17,14.169,BTM-PVBESS
777,L-104,2023-10-18,14.259,BTM-PVBESS
778,L-104,2023-10-19,18.816,BTM-PVBESS
779,L-104,2023-10-20,12.877,BTM-PVBESS
780,L-104,2023-10-21,10.381,BTM-PVBESS
781,L-104,2023-10-22,10.322,BTM-PVBESS
782,L-104,2023-10-23,7.765999999999999,BTM-PVBESS
783,L-104,2023-10-24,13.155999999999999,BTM-PVBESS
784,L-104,2023-10-25,4.127,BTM-PVBESS
785,L-104,2023-10-26,7.891,BTM-PVBESS
786,L-104,2023-10-27,11.895,BTM-PVBESS
787,L-104,2023-10-28,11.372,BTM-PVBESS
788,L-104,2023-10-29,12.645,BTM-PVBESS
789,L-104,2023-10-30,10.661999999999999,BTM-PVBESS
790,L-104,2023-10-31,11.823,BTM-PVBESS
791,L-104,2023-11-01,11.408,BTM-PVBESS
792,L-104,2023-11-02,11.312000000000001,BTM-PVBESS
793,L-104,2023-11-03,10.905999999999999,BTM-PVBESS
794,L-104,2023-11-04,10.76,BTM-PVBESS
795,L-104,2023-11-05,10.417,BTM-PVBESS
796,L-104,2023-11-06,10.387,BTM-PVBESS
797,L-104,2023-11-07,6.375,BTM-PVBESS
798,L-104,2023-11-08,10.836,BTM-PVBESS
799,L-104,2023-11-09,10.306,BTM-PVBESS
800,L-104,2023-11-10,9.337,BTM-PVBESS
801,L-104,2023-11-11,10.075999999999999,BTM-PVBESS
802,L-104,2023-11-12,9.61,BTM-PVBESS
803,L-104,2023-11-13,7.587000000000001,BTM-PVBESS
804,L-104,2023-11-14,9.356,BTM-PVBESS
805,L-104,2023-11-15,2.549,BTM-PVBESS
806,L-104,2023-11-16,8.898000000000001,BTM-PVBESS
807,L-104,2023-11-17,12.075,BTM-PVBESS
808,L-104,2023-11-18,8.705,BTM-PVBESS
809,L-104,2023-11-19,10.837,BTM-PVBESS
810,L-104,2023-11-20,11.979,BTM-PVBESS
811,L-104,2023-11-21,11.597999999999999,BTM-PVBESS
812,L-104,2023-11-22,11.296,BTM-PVBESS
813,L-104,2023-11-23,10.633,BTM-PVBESS
814,L-104,2023-11-24,7.094,BTM-PVBESS
815,L-104,2023-11-25,10.907,BTM-PVBESS
816,L-104,2023-11-26,10.748999999999999,BTM-PVBESS
817,L-104,2023-11-27,10.131,BTM-PVBESS
818,L-104,2023-11-28,10.218,BTM-PVBESS
819,L-104,2023-11-29,5.751,BTM-PVBESS
820,L-104,2023-11-30,4.069,BTM-PVBESS
821,L-104,2023-12-01,9.246,BTM-PVBESS
822,L-104,2023-12-02,10.066,BTM-PVBESS
823,L-104,2023-12-03,9.575000000000001,BTM-PVBESS
824,L-104,2023-12-04,8.906,BTM-PVBESS
825,L-104,2023-12-05,9.123,BTM-PVBESS
826,L-104,2023-12-06,9.209999999999999,BTM-PVBESS
827,L-104,2023-12-07,9.321,BTM-PVBESS
828,L-104,2023-12-08,9.57,BTM-PVBESS
829,L-104,2023-12-09,9.071,BTM-PVBESS
830,L-104,2023-12-10,9.196,BTM-PVBESS
831,L-104,2023-12-11,8.238,BTM-PVBESS
832,L-104,2023-12-12,9.006,BTM-PVBESS
833,L-104,2023-12-13,8.948,BTM-PVBESS
834,L-104,2023-12-14,8.757,BTM-PVBESS
835,L-104,2023-12-15,8.499,BTM-PVBESS
836,L-104,2023-12-16,7.999,BTM-PVBESS
837,L-104,2023-12-17,7.398,BTM-PVBESS
838,L-104,2023-12-18,5.152,BTM-PVBESS
839,L-104,2023-12-19,3.205,BTM-PVBESS
840,L-104,2023-12-20,3.9139999999999997,BTM-PVBESS
841,L-104,2023-12-21,3.458,BTM-PVBESS
842,L-104,2023-12-22,3.7299999999999995,BTM-PVBESS
843,L-104,2023-12-23,8.068999999999999,BTM-PVBESS
844,L-104,2023-12-24,8.443,BTM-PVBESS
845,L-104,2023-12-25,9.023,BTM-PVBESS
846,L-104,2023-12-26,6.693,BTM-PVBESS
847,L-104,2023-12-27,8.200000000000001,BTM-PVBESS
848,L-104,2023-12-28,9.149000000000001,BTM-PVBESS
849,L-104,2023-12-29,7.553,BTM-PVBESS
850,L-104,2023-12-30,3.4640000000000004,BTM-PVBESS
851,L-104,2023-12-31,6.463,BTM-PVBESS
852,L-105,2023-08-25,22.62,BTM-PVBESS
853,L-105,2023-08-26,22.419,BTM-PVBESS
854,L-105,2023-08-27,21.785,BTM-PVBESS
855,L-105,2023-08-28,22.291,BTM-PVBESS
856,L-105,2023-08-29,21.560000000000002,BTM-PVBESS
857,L-105,2023-08-30,21.36,BTM-PVBESS
858,L-105,2023-08-31,21.862,BTM-PVBESS
859,L-105,2023-09-01,13.399000000000001,BTM-PVBESS
860,L-105,2023-09-02,14.120000000000001,BTM-PVBESS
861,L-105,2023-09-03,19.307,BTM-PVBESS
862,L-105,2023-09-04,19.974,BTM-PVBESS
863,L-105,2023-09-05,2.191,BTM-PVBESS
864,L-105,2023-09-26,16.86,BTM-PVBESS
865,L-105,2023-09-27,20.121906666666668,BTM-PVBESS
866,L-105,2023-09-28,12.383001111111112,BTM-PVBESS
867,L-105,2023-09-29,13.189092222222222,BTM-PVBESS
868,L-105,2023-09-30,6.715,BTM-PVBESS
869,L-105,2023-10-01,10.218,BTM-PVBESS
870,L-105,2023-10-02,18.032,BTM-PVBESS
871,L-105,2023-10-03,17.590904444444444,BTM-PVBESS
872,L-105,2023-10-04,17.074001111111112,BTM-PVBESS
873,L-105,2023-10-05,20.918,BTM-PVBESS
874,L-105,2023-10-06,12.685094444444443,BTM-PVBESS
875,L-105,2023-10-07,16.95,BTM-PVBESS
876,L-105,2023-10-08,16.504906666666667,BTM-PVBESS
877,L-105,2023-10-09,16.395093333333335,BTM-PVBESS
878,L-105,2023-10-10,16.69,BTM-PVBESS
879,L-105,2023-10-11,13.282,BTM-PVBESS
880,L-105,2023-10-12,16.972,BTM-PVBESS
881,L-105,2023-10-13,14.396,BTM-PVBESS
882,L-105,2023-10-14,14.64,BTM-PVBESS
883,L-105,2023-10-15,15.747,BTM-PVBESS
884,L-105,2023-10-16,15.44591,BTM-PVBESS
885,L-105,2023-10-17,14.94909,BTM-PVBESS
886,L-105,2023-10-18,15.076,BTM-PVBESS
887,L-105,2023-10-19,19.673000000000002,BTM-PVBESS
888,L-105,2023-10-20,13.879999999999999,BTM-PVBESS
889,L-105,2023-10-21,11.197907777777777,BTM-PVBESS
890,L-105,2023-10-22,11.140001111111111,BTM-PVBESS
891,L-105,2023-10-23,8.262091111111111,BTM-PVBESS
892,L-105,2023-10-24,14.072907777777777,BTM-PVBESS
893,L-105,2023-10-25,4.106092222222222,BTM-PVBESS
894,L-105,2023-10-26,9.822,BTM-PVBESS
895,L-105,2023-10-27,12.972,BTM-PVBESS
896,L-105,2023-10-28,12.501,BTM-PVBESS
897,L-105,2023-10-29,13.870000000000001,BTM-PVBESS
898,L-105,2023-10-30,11.50590888888889,BTM-PVBESS
899,L-105,2023-10-31,12.69609111111111,BTM-PVBESS
900,L-105,2023-11-01,12.53,BTM-PVBESS
901,L-105,2023-11-02,12.116909899888766,BTM-PVBESS
902,L-105,2023-11-03,11.744997877889013,BTM-PVBESS
903,L-105,2023-11-04,11.523092222222223,BTM-PVBESS
904,L-105,2023-11-05,11.219999999999999,BTM-PVBESS
905,L-105,2023-11-06,11.156999999999998,BTM-PVBESS
906,L-105,2023-11-07,14.307124444444444,BTM-PVBESS
907,L-105,2023-11-08,11.997092222222223,BTM-PVBESS
908,L-105,2023-11-09,11.704906666666666,BTM-PVBESS
909,L-105,2023-11-10,10.096093333333332,BTM-PVBESS
910,L-105,2023-11-11,10.972,BTM-PVBESS
911,L-105,2023-11-12,10.619907777777778,BTM-PVBESS
912,L-105,2023-11-13,8.414001413805833,BTM-PVBESS
913,L-105,2023-11-14,10.527001919527502,BTM-PVBESS
914,L-105,2023-11-15,2.840088888888889,BTM-PVBESS
915,L-105,2023-11-16,9.576,BTM-PVBESS
916,L-105,2023-11-17,12.886,BTM-PVBESS
917,L-105,2023-11-18,9.20090868596882,BTM-PVBESS
918,L-105,2023-11-19,11.50509131403118,BTM-PVBESS
919,L-105,2023-11-20,12.838,BTM-PVBESS
920,L-105,2023-11-21,12.403,BTM-PVBESS
921,L-105,2023-11-22,12.032,BTM-PVBESS
922,L-105,2023-11-23,11.414906666666667,BTM-PVBESS
923,L-105,2023-11-24,7.573003333333333,BTM-PVBESS
924,L-105,2023-11-25,11.872997777777776,BTM-PVBESS
925,L-105,2023-11-26,11.485001111111112,BTM-PVBESS
926,L-105,2023-11-27,10.837995978367749,BTM-PVBESS
927,L-105,2023-11-28,11.083002602085616,BTM-PVBESS
928,L-105,2023-11-29,6.097001419546637,BTM-PVBESS
929,L-105,2023-11-30,0.05309111111111112,BTM-PVBESS
930,L-105,2023-12-05,9.609,BTM-PVBESS
931,L-105,2023-12-06,10.076,BTM-PVBESS
932,L-105,2023-12-07,10.195,BTM-PVBESS
933,L-105,2023-12-08,10.492,BTM-PVBESS
934,L-105,2023-12-09,9.971910000000001,BTM-PVBESS
935,L-105,2023-12-10,10.049997777777778,BTM-PVBESS
936,L-105,2023-12-11,8.880092222222222,BTM-PVBESS
937,L-105,2023-12-12,9.881907777777778,BTM-PVBESS
938,L-105,2023-12-13,9.732001111111112,BTM-PVBESS
939,L-105,2023-12-14,9.601996666666667,BTM-PVBESS
940,L-105,2023-12-15,9.350001111111112,BTM-PVBESS
941,L-105,2023-12-16,8.853093333333334,BTM-PVBESS
942,L-105,2023-12-17,8.029,BTM-PVBESS
943,L-105,2023-12-18,5.763907777777778,BTM-PVBESS
944,L-105,2023-12-19,3.5730922222222223,BTM-PVBESS
945,L-105,2023-12-21,3.91,BTM-PVBESS
946,L-105,2023-12-22,3.9310000000000005,BTM-PVBESS
947,L-105,2023-12-23,8.51791,BTM-PVBESS
948,L-105,2023-12-24,8.96609,BTM-PVBESS
949,L-105,2023-12-25,9.563906666666666,BTM-PVBESS
950,L-105,2023-12-26,7.128093333333334,BTM-PVBESS
951,L-105,2023-12-27,8.924914444444445,BTM-PVBESS
952,L-105,2023-12-28,9.977992325810828,BTM-PVBESS
953,L-105,2023-12-29,7.996001007522506,BTM-PVBESS
954,L-105,2023-12-30,4.0510922222222225,BTM-PVBESS
955,L-105,2023-12-31,6.897,BTM-PVBESS
956,L-201,2023-07-27,18.918,BTM-PVBESS
957,L-201,2023-07-28,17.674,BTM-PVBESS
958,L-201,2023-07-29,15.784,BTM-PVBESS
959,L-201,2023-07-30,15.712,BTM-PVBESS
960,L-201,2023-07-31,6.29,BTM-PVBESS
961,L-201,2023-08-01,16.825,BTM-PVBESS
962,L-201,2023-08-02,18.994,BTM-PVBESS
963,L-201,2023-08-03,18.914,BTM-PVBESS
964,L-201,2023-08-04,18.708000000000002,BTM-PVBESS
965,L-201,2023-08-05,19.113,BTM-PVBESS
966,L-201,2023-08-06,18.04,BTM-PVBESS
967,L-201,2023-08-07,18.36994,BTM-PVBESS
968,L-201,2023-08-08,15.208274285714285,BTM-PVBESS
969,L-201,2023-08-09,13.891243492063492,BTM-PVBESS
970,L-201,2023-08-10,15.60804888888889,BTM-PVBESS
971,L-201,2023-08-11,16.693566666666666,BTM-PVBESS
972,L-201,2023-08-12,17.274906666666666,BTM-PVBESS
973,L-201,2023-08-13,20.871299689234185,BTM-PVBESS
974,L-201,2023-08-14,19.73199364409915,BTM-PVBESS
975,L-201,2023-08-15,10.369726666666667,BTM-PVBESS
976,L-201,2023-08-16,11.200000000000001,BTM-PVBESS
977,L-201,2023-08-17,14.91,BTM-PVBESS
978,L-201,2023-08-18,15.348,BTM-PVBESS
979,L-201,2023-08-19,6.243322905027933,BTM-PVBESS
980,L-201,2023-08-20,1.4766770949720671,BTM-PVBESS
981,L-201,2023-08-21,14.301393805309734,BTM-PVBESS
982,L-201,2023-08-22,19.206579438837423,BTM-PVBESS
983,L-201,2023-08-23,19.760966755852845,BTM-PVBESS
984,L-201,2023-08-24,20.89228,BTM-PVBESS
985,L-201,2023-08-25,19.171678648648648,BTM-PVBESS
986,L-201,2023-08-26,19.27569801801802,BTM-PVBESS
987,L-201,2023-08-27,20.117543333333334,BTM-PVBESS
988,L-201,2023-08-28,21.279949285714284,BTM-PVBESS
989,L-201,2023-08-29,19.284910714285715,BTM-PVBESS
990,L-201,2023-08-30,18.71,BTM-PVBESS
991,L-201,2023-08-31,16.301495555555555,BTM-PVBESS
992,L-201,2023-09-01,11.67712,BTM-PVBESS
993,L-201,2023-09-02,10.857789578373016,BTM-PVBESS
994,L-201,2023-09-03,13.37276597718254,BTM-PVBESS
995,L-201,2023-09-04,18.530542222222223,BTM-PVBESS
996,L-201,2023-09-05,2.0182866666666666,BTM-PVBESS
997,L-201,2023-09-26,21.145623333333333,BTM-PVBESS
998,L-201,2023-09-27,15.372376666666668,BTM-PVBESS
999,L-201,2023-09-28,14.857,BTM-PVBESS
1000,L-201,2023-09-29,11.57,BTM-PVBESS
1001,L-201,2023-09-30,5.897,BTM-PVBESS
1002,L-201,2023-10-01,7.5449399999999995,BTM-PVBESS
1003,L-201,2023-10-02,14.038316666666667,BTM-PVBESS
1004,L-201,2023-10-03,20.326815555555555,BTM-PVBESS
1005,L-201,2023-10-04,18.84392777777778,BTM-PVBESS
1006,L-201,2023-10-05,17.585,BTM-PVBESS
1007,L-201,2023-10-06,15.177,BTM-PVBESS
1008,L-201,2023-10-07,16.575,BTM-PVBESS
1009,L-201,2023-10-08,16.034,BTM-PVBESS
1010,L-201,2023-10-09,16.014,BTM-PVBESS
1011,L-201,2023-10-10,16.22,BTM-PVBESS
1012,L-201,2023-10-11,12.517999999999999,BTM-PVBESS
1013,L-201,2023-10-12,16.047,BTM-PVBESS
1014,L-201,2023-10-13,13.808,BTM-PVBESS
1015,L-201,2023-10-14,14.312,BTM-PVBESS
1016,L-201,2023-10-15,14.833,BTM-PVBESS
1017,L-201,2023-10-16,8.709,BTM-PVBESS
1018,L-201,2023-10-17,14.169,BTM-PVBESS
1019,L-201,2023-10-18,12.893,BTM-PVBESS
1020,L-201,2023-10-19,19.404,BTM-PVBESS
1021,L-201,2023-10-20,8.554,BTM-PVBESS
1022,L-201,2023-10-21,14.203,BTM-PVBESS
1023,L-201,2023-10-22,11.184000000000001,BTM-PVBESS
1024,L-201,2023-10-23,8.466,BTM-PVBESS
1025,L-201,2023-10-24,14.224,BTM-PVBESS
1026,L-201,2023-10-25,4.276000000000001,BTM-PVBESS
1027,L-201,2023-10-26,12.712,BTM-PVBESS
1028,L-201,2023-10-27,13.675,BTM-PVBESS
1029,L-201,2023-10-28,13.021,BTM-PVBESS
1030,L-201,2023-10-29,13.994,BTM-PVBESS
1031,L-201,2023-10-30,11.973,BTM-PVBESS
1032,L-201,2023-10-31,13.253,BTM-PVBESS
1033,L-201,2023-11-01,12.78,BTM-PVBESS
1034,L-201,2023-11-02,12.645,BTM-PVBESS
1035,L-201,2023-11-03,12.284,BTM-PVBESS
1036,L-201,2023-11-04,12.054,BTM-PVBESS
1037,L-201,2023-11-05,11.741,BTM-PVBESS
1038,L-201,2023-11-06,11.647,BTM-PVBESS
1039,L-201,2023-11-07,7.119,BTM-PVBESS
1040,L-201,2023-11-08,12.023,BTM-PVBESS
1041,L-201,2023-11-09,11.877,BTM-PVBESS
1042,L-201,2023-11-10,10.334999999999999,BTM-PVBESS
1043,L-201,2023-11-11,11.309000000000001,BTM-PVBESS
1044,L-201,2023-11-12,10.956,BTM-PVBESS
1045,L-201,2023-11-13,8.52,BTM-PVBESS
1046,L-201,2023-11-14,10.69,BTM-PVBESS
1047,L-201,2023-11-15,0.0,BTM-PVBESS
1048,L-201,2023-11-16,9.181,BTM-PVBESS
1049,L-201,2023-11-17,12.448,BTM-PVBESS
1050,L-201,2023-11-18,8.873000000000001,BTM-PVBESS
1051,L-201,2023-11-19,11.025,BTM-PVBESS
1052,L-201,2023-11-20,12.424999999999999,BTM-PVBESS
1053,L-201,2023-11-21,11.940999999999999,BTM-PVBESS
1054,L-201,2023-11-22,11.622,BTM-PVBESS
1055,L-201,2023-11-23,11.046000000000001,BTM-PVBESS
1056,L-201,2023-11-24,7.3740000000000006,BTM-PVBESS
1057,L-201,2023-11-25,11.762,BTM-PVBESS
1058,L-201,2023-11-26,11.360000000000001,BTM-PVBESS
1059,L-201,2023-11-27,10.751000000000001,BTM-PVBESS
1060,L-201,2023-11-28,11.020000000000001,BTM-PVBESS
1061,L-201,2023-11-29,5.9239999999999995,BTM-PVBESS
1062,L-201,2023-11-30,4.132000000000001,BTM-PVBESS
1063,L-201,2023-12-01,9.939,BTM-PVBESS
1064,L-201,2023-12-02,10.773000000000001,BTM-PVBESS
1065,L-201,2023-12-03,10.261000000000001,BTM-PVBESS
1066,L-201,2023-12-04,9.517,BTM-PVBESS
1067,L-201,2023-12-05,9.841,BTM-PVBESS
1068,L-201,2023-12-06,9.94,BTM-PVBESS
1069,L-201,2023-12-07,10.05,BTM-PVBESS
1070,L-201,2023-12-08,10.343,BTM-PVBESS
1071,L-201,2023-12-09,9.822999999999999,BTM-PVBESS
1072,L-201,2023-12-10,9.91,BTM-PVBESS
1073,L-201,2023-12-11,8.691,BTM-PVBESS
1074,L-201,2023-12-12,9.774000000000001,BTM-PVBESS
1075,L-201,2023-12-13,9.655,BTM-PVBESS
1076,L-201,2023-12-14,14.937000000000001,BTM-PVBESS
1077,L-201,2023-12-15,9.414,BTM-PVBESS
1078,L-201,2023-12-16,8.871,BTM-PVBESS
1079,L-201,2023-12-17,7.996,BTM-PVBESS
1080,L-201,2023-12-18,5.548,BTM-PVBESS
1081,L-201,2023-12-19,3.688,BTM-PVBESS
1082,L-201,2023-12-20,5.971,BTM-PVBESS
1083,L-201,2023-12-21,6.45,BTM-PVBESS
1084,L-201,2023-12-22,3.797,BTM-PVBESS
1085,L-201,2023-12-23,8.186,BTM-PVBESS
1086,L-201,2023-12-24,8.68,BTM-PVBESS
1087,L-201,2023-12-25,9.084999999999999,BTM-PVBESS
1088,L-201,2023-12-26,6.642,BTM-PVBESS
1089,L-201,2023-12-27,8.184000000000001,BTM-PVBESS
1090,L-201,2023-12-28,9.383,BTM-PVBESS
1091,L-201,2023-12-29,7.552887777777777,BTM-PVBESS
1092,L-201,2023-12-30,3.585112222222222,BTM-PVBESS
1093,L-201,2023-12-31,6.297,BTM-PVBESS
1094,L-202,2023-07-26,19.694,BTM-PVBESS
1095,L-202,2023-07-27,23.91,BTM-PVBESS
1096,L-202,2023-07-28,14.777000000000001,BTM-PVBESS
1097,L-202,2023-07-29,16.737,BTM-PVBESS
1098,L-202,2023-07-30,16.843,BTM-PVBESS
1099,L-202,2023-07-31,5.974,BTM-PVBESS
1100,L-202,2023-08-01,18.192,BTM-PVBESS
1101,L-202,2023-08-02,19.221,BTM-PVBESS
1102,L-202,2023-08-03,20.509,BTM-PVBESS
1103,L-202,2023-08-04,19.579,BTM-PVBESS
1104,L-202,2023-08-05,19.304,BTM-PVBESS
1105,L-202,2023-08-06,19.239,BTM-PVBESS
1106,L-202,2023-08-07,19.219,BTM-PVBESS
1107,L-202,2023-08-08,16.518,BTM-PVBESS
1108,L-202,2023-08-09,14.674,BTM-PVBESS
1109,L-202,2023-08-10,15.453,BTM-PVBESS
1110,L-202,2023-08-11,16.535999999999998,BTM-PVBESS
1111,L-202,2023-08-12,18.416,BTM-PVBESS
1112,L-202,2023-08-13,18.316,BTM-PVBESS
1113,L-202,2023-08-14,17.776,BTM-PVBESS
1114,L-202,2023-08-15,10.436,BTM-PVBESS
1115,L-202,2023-08-16,12.671999999999999,BTM-PVBESS
1116,L-202,2023-08-17,16.482,BTM-PVBESS
1117,L-202,2023-08-18,17.264,BTM-PVBESS
1118,L-202,2023-08-19,7.906,BTM-PVBESS
1119,L-202,2023-08-20,1.432,BTM-PVBESS
1120,L-202,2023-08-21,18.453,BTM-PVBESS
1121,L-202,2023-08-22,21.745,BTM-PVBESS
1122,L-202,2023-08-23,21.353,BTM-PVBESS
1123,L-202,2023-08-24,20.796,BTM-PVBESS
1124,L-202,2023-08-25,21.226,BTM-PVBESS
1125,L-202,2023-08-26,21.032,BTM-PVBESS
1126,L-202,2023-08-27,19.833000000000002,BTM-PVBESS
1127,L-202,2023-08-28,20.215,BTM-PVBESS
1128,L-202,2023-08-29,19.957,BTM-PVBESS
1129,L-202,2023-08-30,19.801000000000002,BTM-PVBESS
1130,L-202,2023-08-31,20.268,BTM-PVBESS
1131,L-202,2023-09-01,12.823,BTM-PVBESS
1132,L-202,2023-09-02,12.548,BTM-PVBESS
1133,L-202,2023-09-03,16.833000000000002,BTM-PVBESS
1134,L-202,2023-09-04,17.494,BTM-PVBESS
1135,L-202,2023-09-05,2.482,BTM-PVBESS
1136,L-202,2023-09-26,10.911999999999999,BTM-PVBESS
1137,L-202,2023-09-27,13.792,BTM-PVBESS
1138,L-202,2023-09-28,6.109,BTM-PVBESS
1139,L-202,2023-09-29,8.693,BTM-PVBESS
1140,L-202,2023-09-30,5.795,BTM-PVBESS
1141,L-202,2023-10-01,8.366000000000001,BTM-PVBESS
1142,L-202,2023-10-02,12.107,BTM-PVBESS
1143,L-202,2023-10-03,11.736,BTM-PVBESS
1144,L-202,2023-10-04,11.314,BTM-PVBESS
1145,L-202,2023-10-05,14.955,BTM-PVBESS
1146,L-202,2023-10-06,8.484,BTM-PVBESS
1147,L-202,2023-10-07,11.305,BTM-PVBESS
1148,L-202,2023-10-08,11.137732441471572,BTM-PVBESS
1149,L-202,2023-10-09,11.237181275342587,BTM-PVBESS
1150,L-202,2023-10-10,11.22908628318584,BTM-PVBESS
1151,L-202,2023-10-11,9.501000000000001,BTM-PVBESS
1152,L-202,2023-10-12,11.362,BTM-PVBESS
1153,L-202,2023-10-13,10.604,BTM-PVBESS
1154,L-202,2023-10-14,9.545,BTM-PVBESS
1155,L-202,2023-10-15,10.36,BTM-PVBESS
1156,L-202,2023-10-16,10.077,BTM-PVBESS
1157,L-202,2023-10-17,9.65,BTM-PVBESS
1158,L-202,2023-10-18,9.664,BTM-PVBESS
1159,L-202,2023-10-19,14.273,BTM-PVBESS
1160,L-202,2023-10-20,8.502,BTM-PVBESS
1161,L-202,2023-10-21,5.984999999999999,BTM-PVBESS
1162,L-202,2023-10-22,7.166,BTM-PVBESS
1163,L-202,2023-10-23,6.476,BTM-PVBESS
1164,L-202,2023-10-24,9.08,BTM-PVBESS
1165,L-202,2023-10-25,3.717,BTM-PVBESS
1166,L-202,2023-10-26,5.299,BTM-PVBESS
1167,L-202,2023-10-27,8.648911111111111,BTM-PVBESS
1168,L-202,2023-10-28,8.296088888888889,BTM-PVBESS
1169,L-202,2023-10-29,8.889,BTM-PVBESS
1170,L-202,2023-10-30,7.80074,BTM-PVBESS
1171,L-202,2023-10-31,8.28726,BTM-PVBESS
1172,L-202,2023-11-01,7.958,BTM-PVBESS
1173,L-202,2023-11-02,7.904,BTM-PVBESS
1174,L-202,2023-11-03,7.662999999999999,BTM-PVBESS
1175,L-202,2023-11-04,7.689,BTM-PVBESS
1176,L-202,2023-11-05,7.301,BTM-PVBESS
1177,L-202,2023-11-06,7.356,BTM-PVBESS
1178,L-202,2023-11-07,5.268,BTM-PVBESS
1179,L-202,2023-11-08,7.571,BTM-PVBESS
1180,L-202,2023-11-09,7.409,BTM-PVBESS
1181,L-202,2023-11-10,7.165,BTM-PVBESS
1182,L-202,2023-11-11,6.998,BTM-PVBESS
1183,L-202,2023-11-12,6.812911012235817,BTM-PVBESS
1184,L-202,2023-11-13,5.789088987764182,BTM-PVBESS
1185,L-202,2023-11-14,6.695,BTM-PVBESS
1186,L-202,2023-11-15,2.2110000000000003,BTM-PVBESS
1187,L-202,2023-11-16,6.902,BTM-PVBESS
1188,L-202,2023-11-17,8.254999999999999,BTM-PVBESS
1189,L-202,2023-11-18,6.84,BTM-PVBESS
1190,L-202,2023-11-19,7.642,BTM-PVBESS
1191,L-202,2023-11-20,8.245000000000001,BTM-PVBESS
1192,L-202,2023-11-21,7.853911111111111,BTM-PVBESS
1193,L-202,2023-11-22,7.717088888888889,BTM-PVBESS
1194,L-202,2023-11-23,7.3870000000000005,BTM-PVBESS
1195,L-202,2023-11-24,5.765,BTM-PVBESS
1196,L-202,2023-11-25,7.628,BTM-PVBESS
1197,L-202,2023-11-26,8.190999999999999,BTM-PVBESS
1198,L-202,2023-11-27,7.237913333333333,BTM-PVBESS
1199,L-202,2023-11-28,7.074086666666667,BTM-PVBESS
1200,L-202,2023-11-29,4.974,BTM-PVBESS
1201,L-202,2023-11-30,7.524,BTM-PVBESS
1202,L-202,2023-12-01,9.776913333333333,BTM-PVBESS
1203,L-202,2023-12-02,6.919086666666666,BTM-PVBESS
1204,L-202,2023-12-03,6.668,BTM-PVBESS
1205,L-202,2023-12-04,6.500911111111111,BTM-PVBESS
1206,L-202,2023-12-05,6.173088888888889,BTM-PVBESS
1207,L-202,2023-12-06,6.35,BTM-PVBESS
1208,L-202,2023-12-07,6.569,BTM-PVBESS
1209,L-202,2023-12-08,6.721,BTM-PVBESS
1210,L-202,2023-12-09,6.331,BTM-PVBESS
1211,L-202,2023-12-10,6.479,BTM-PVBESS
1212,L-202,2023-12-11,7.208,BTM-PVBESS
1213,L-202,2023-12-12,6.246,BTM-PVBESS
1214,L-202,2023-12-13,6.229,BTM-PVBESS
1215,L-202,2023-12-14,6.157,BTM-PVBESS
1216,L-202,2023-12-15,6.001,BTM-PVBESS
1217,L-202,2023-12-16,5.603,BTM-PVBESS
1218,L-202,2023-12-17,5.7,BTM-PVBESS
1219,L-202,2023-12-18,3.9530000000000003,BTM-PVBESS
1220,L-202,2023-12-19,3.161,BTM-PVBESS
1221,L-202,2023-12-20,4.153,BTM-PVBESS
1222,L-202,2023-12-21,4.207,BTM-PVBESS
1223,L-202,2023-12-22,2.886,BTM-PVBESS
1224,L-202,2023-12-23,5.803,BTM-PVBESS
1225,L-202,2023-12-24,5.526,BTM-PVBESS
1226,L-202,2023-12-25,5.9959999999999996,BTM-PVBESS
1227,L-202,2023-12-26,5.194,BTM-PVBESS
1228,L-202,2023-12-27,5.893,BTM-PVBESS
1229,L-202,2023-12-28,6.02,BTM-PVBESS
1230,L-202,2023-12-29,5.853,BTM-PVBESS
1231,L-202,2023-12-30,2.971,BTM-PVBESS
1232,L-202,2023-12-31,5.179,BTM-PVBESS
1233,L-204,2023-12-20,2.766,BTM-PVBESS
1234,L-204,2023-12-21,9.548,BTM-PVBESS
1235,L-204,2023-12-22,5.793,BTM-PVBESS
1236,L-204,2023-12-23,11.026,BTM-PVBESS
1237,L-204,2023-12-24,12.228,BTM-PVBESS
1238,L-204,2023-12-25,12.476,BTM-PVBESS
1239,L-204,2023-12-26,9.384,BTM-PVBESS
1240,L-204,2023-12-27,11.049000000000001,BTM-PVBESS
1241,L-204,2023-12-28,13.068,BTM-PVBESS
1242,L-204,2023-12-29,10.624,BTM-PVBESS
1243,L-204,2023-12-30,5.323,BTM-PVBESS
1244,L-204,2023-12-31,8.226,BTM-PVBESS
1245,L-205,2023-12-20,0.601,BTM-PVBESS
1246,L-205,2023-12-21,9.456,BTM-PVBESS
1247,L-205,2023-12-22,3.6300000000000003,BTM-PVBESS
1248,L-205,2023-12-23,10.133,BTM-PVBESS
1249,L-205,2023-12-24,11.196,BTM-PVBESS
1250,L-205,2023-12-25,11.468,BTM-PVBESS
1251,L-205,2023-12-26,8.353,BTM-PVBESS
1252,L-205,2023-12-27,10.009,BTM-PVBESS
1253,L-205,2023-12-28,12.044,BTM-PVBESS
1254,L-205,2023-12-29,9.635,BTM-PVBESS
1255,L-205,2023-12-30,4.306,BTM-PVBESS
1256,L-205,2023-12-31,7.2749999999999995,BTM-PVBESS
1257,X-102,2023-12-21,3.146,BTM-PVBESS
1258,X-102,2023-12-22,2.181,BTM-PVBESS
1259,X-102,2023-12-23,10.247,BTM-PVBESS
1260,X-102,2023-12-24,13.374,BTM-PVBESS
1261,X-102,2023-12-25,14.039,BTM-PVBESS
1262,X-102,2023-12-26,9.597,BTM-PVBESS
1263,X-102,2023-12-27,12.202,BTM-PVBESS
1264,X-102,2023-12-28,15.599,BTM-PVBESS
1265,X-102,2023-12-29,10.424,BTM-PVBESS
1266,X-102,2023-12-30,4.55,BTM-PVBESS
1267,X-102,2023-12-31,7.896000000000001,BTM-PVBESS
1268,X-201,2023-12-15,0.0,BTM-PVBESS
1269,X-201,2023-12-18,0.0,BTM-PVBESS
1270,X-201,2023-12-19,0.0,BTM-PVBESS
1271,X-201,2023-12-20,0.001,BTM-PVBESS
1272,X-201,2023-12-27,0.0,BTM-PVBESS
1273,X-201,2023-12-29,0.0,BTM-PVBESS
1274,X-201,2023-12-30,0.0,BTM-PVBESS
1275,X-201,2023-12-31,0.0,BTM-PVBESS
1276,X-205,2023-12-21,1.861,BTM-PVBESS
1277,X-205,2023-12-27,8.690316666666666,BTM-PVBESS
1278,X-205,2023-12-28,7.245683333333333,BTM-PVBESS
1279,X-205,2023-12-29,4.566,BTM-PVBESS
1280,X-205,2023-12-30,2.28,BTM-PVBESS
1281,X-205,2023-12-31,3.5060000000000002,BTM-PVBESS
